{"cameraMode":{"drawMode":0,"name":"Shaded","section":"Shading Mode"},"sceneLighting":true,"audioPlay":false,"sceneViewState":{"showFog":true,"showMaterialUpdate":false,"showSkybox":true,"showFlares":true,"showImageEffects":true,"showParticleSystems":true},"in2DMode":false,"pivot":{"x":-0.0000019073486328125,"y":4.996188640594482,"z":0.0},"rotation":{"x":-0.14631164073944093,"y":0.49323534965515139,"z":-0.08457082509994507,"w":-0.8533226251602173},"size":131.8160400390625,"orthographic":false}